id,first_name,last_name,email,gender,ip_address
1,Orelie,Emmet,oemmet0@cisco.com,Female,4.63.188.133
2,Joscelin,Gouldie,jgouldie1@psu.edu,Female,194.55.244.180
3,Lambert,Defries,ldefries2@pen.io,Male,164.175.197.201
4,Rodge,Semarke,rsemarke3@tiny.cc,Male,178.245.154.127
5,Galvin,Dinsey,gdinsey4@cmu.edu,Male,62.84.42.99
6,Judd,McTeer,jmcteer5@mediafire.com,Male,252.191.6.128
7,Micah,Rowlinson,mrowlinson6@bloomberg.com,Bigender,241.35.171.242
8,Mollee,Sahlstrom,msahlstrom7@nba.com,Female,5.216.237.223
9,Sarah,Ewbanche,sewbanche8@bluehost.com,Female,168.194.52.72
10,Joshuah,Kilbourn,jkilbourn9@bravesites.com,Male,226.202.62.97
11,Phillis,Bateson,pbatesona@huffingtonpost.com,Bigender,97.186.61.39
12,Nikolai,De Lorenzo,ndelorenzob@slideshare.net,Male,16.213.15.80
13,Gene,Simco,gsimcoc@domainmarket.com,Male,91.248.230.248
14,Karim,Cobleigh,kcobleighd@wufoo.com,Male,86.150.78.163
15,Tyne,Carek,tcareke@de.vu,Female,97.138.93.46
16,Pedro,Postan,ppostanf@indiegogo.com,Male,105.131.123.92
17,Robert,Leving,rlevingg@g.co,Male,214.120.137.247
18,Ezri,Massey,emasseyh@deviantart.com,Male,246.79.227.120
19,Ezekiel,Mole,emolei@hc360.com,Male,111.9.204.37
20,Venita,Alcido,valcidoj@digg.com,Female,229.239.77.127
21,Fiorenze,Locket,flocketk@technorati.com,Female,122.41.132.103
22,Rod,Zumbusch,rzumbuschl@jalbum.net,Male,79.96.167.121
23,Larine,Eake,leakem@hc360.com,Female,4.247.73.69
24,Kimbra,Jorczyk,kjorczykn@about.me,Female,245.164.241.174
25,Lefty,Chancelier,lchanceliero@globo.com,Non-binary,91.20.105.52
26,Gamaliel,Lortzing,glortzingp@soundcloud.com,Male,27.207.119.23
27,Antoinette,Yggo,ayggoq@pen.io,Female,117.20.61.18
28,Zara,Lanfere,zlanferer@blogs.com,Female,120.144.34.15
29,Oren,Smallridge,osmallridges@angelfire.com,Male,218.138.226.155
30,Maureene,Christofol,mchristofolt@joomla.org,Female,111.54.54.159
31,Luca,Greveson,lgrevesonu@squidoo.com,Male,13.10.11.188
32,Wyatan,Hamstead,whamsteadv@hp.com,Male,251.195.236.19
33,Cornelius,Chuney,cchuneyw@archive.org,Male,65.192.238.210
34,Madelin,Kocher,mkocherx@nbcnews.com,Female,126.37.52.59
35,Cletis,Padbury,cpadburyy@deviantart.com,Male,68.82.56.236
36,Lilly,Toun,ltounz@smugmug.com,Female,14.46.27.18
37,Malvin,Haddon,mhaddon10@samsung.com,Male,108.161.230.188
38,Rebeca,Wilbor,rwilbor11@shop-pro.jp,Female,235.15.204.26
39,Thatch,Vamplers,tvamplers12@globo.com,Male,238.102.67.140
40,Robin,Hardin,rhardin13@admin.ch,Male,226.255.177.38
41,Wayne,Sloyan,wsloyan14@mit.edu,Male,5.203.103.77
42,Aylmer,Daal,adaal15@who.int,Male,173.147.108.181
43,Garrott,Gemnett,ggemnett16@vimeo.com,Male,177.244.91.10
44,Carena,Stoop,cstoop17@cornell.edu,Female,45.148.186.114
45,Cooper,Cleife,ccleife18@usda.gov,Male,205.117.125.175
46,Constancia,Noad,cnoad19@twitpic.com,Female,214.244.29.179
47,Boniface,Middell,bmiddell1a@bandcamp.com,Male,110.193.155.7
48,Kippie,Gillyett,kgillyett1b@vimeo.com,Male,4.112.169.81
49,Marlie,Ewenson,mewenson1c@kickstarter.com,Female,161.36.235.188
50,Milicent,Rehn,mrehn1d@1und1.de,Female,48.228.177.20
51,Shayla,Sparling,ssparling1e@chronoengine.com,Female,19.183.114.59
52,Mariejeanne,Brightman,mbrightman1f@sphinn.com,Female,187.167.53.60
53,Ashbey,Maslen,amaslen1g@slate.com,Bigender,94.186.133.102
54,Godwin,McCaughey,gmccaughey1h@earthlink.net,Male,57.214.167.211
55,Braden,Winward,bwinward1i@bluehost.com,Male,198.230.37.115
56,Elisha,Guislin,eguislin1j@imageshack.us,Male,66.99.14.160
57,Allan,Isherwood,aisherwood1k@earthlink.net,Male,1.51.189.174
58,Gerrie,Quarmby,gquarmby1l@google.co.uk,Male,52.41.148.194
59,Gaye,Fairfoul,gfairfoul1m@booking.com,Female,62.88.120.94
60,Teodoor,Bazell,tbazell1n@elegantthemes.com,Male,61.241.55.147
61,Laney,McCorley,lmccorley1o@ezinearticles.com,Male,217.137.93.214
62,Townsend,Manthorpe,tmanthorpe1p@businessinsider.com,Male,28.90.162.161
63,Alano,Harvett,aharvett1q@cisco.com,Male,191.119.149.53
64,Mandie,Danilewicz,mdanilewicz1r@mayoclinic.com,Female,115.61.109.98
65,Oby,Bellany,obellany1s@yahoo.co.jp,Male,69.147.98.237
66,Derry,Benedyktowicz,dbenedyktowicz1t@weebly.com,Male,82.23.232.29
67,Angelika,Attyeo,aattyeo1u@google.com.hk,Female,227.85.56.209
68,Maryellen,Sabey,msabey1v@newyorker.com,Female,102.100.59.184
69,Pebrook,Gleed,pgleed1w@themeforest.net,Male,83.73.41.110
70,Cristine,Mulligan,cmulligan1x@lulu.com,Female,241.124.214.117
71,Patti,McDarmid,pmcdarmid1y@state.tx.us,Female,6.126.230.75
72,Storm,Orry,sorry1z@ezinearticles.com,Female,145.34.124.134
73,Mikey,Diter,mditer20@hhs.gov,Male,83.61.170.3
74,Laurena,Durante,ldurante21@theglobeandmail.com,Female,203.146.206.59
75,Bailey,McClune,bmcclune22@skyrock.com,Male,186.46.62.137
76,Nani,Togher,ntogher23@angelfire.com,Female,63.129.15.109
77,Adolf,MacFie,amacfie24@virginia.edu,Bigender,190.226.123.72
78,Alf,Suddick,asuddick25@simplemachines.org,Male,51.99.139.76
79,Jodi,Tabord,jtabord26@amazon.com,Female,80.29.79.27
80,Ash,Craske,acraske27@blogs.com,Male,192.191.130.100
81,Bartholomeus,Thompstone,bthompstone28@yellowpages.com,Male,0.151.113.152
82,Shalne,Crichton,scrichton29@angelfire.com,Female,75.80.203.168
83,Elisabeth,Bendtsen,ebendtsen2a@themeforest.net,Female,61.123.36.31
84,Garnet,Ridsdale,gridsdale2b@mlb.com,Female,213.184.115.176
85,Ransom,Norkett,rnorkett2c@webs.com,Polygender,185.30.219.241
86,Casper,Speer,cspeer2d@marriott.com,Male,253.184.180.153
87,Jermaine,Wornum,jwornum2e@weibo.com,Male,175.32.132.252
88,Ranice,Kingerby,rkingerby2f@umich.edu,Female,93.181.120.153
89,Genni,Stannett,gstannett2g@rediff.com,Female,16.193.0.113
90,Rita,Carnihan,rcarnihan2h@i2i.jp,Female,156.25.63.128
91,Charissa,Elles,celles2i@youtube.com,Female,111.100.237.199
92,Jaye,Grinaway,jgrinaway2j@ebay.com,Male,245.17.70.42
93,Andriana,Sineath,asineath2k@va.gov,Female,233.137.129.198
94,Carmelita,Ibeson,cibeson2l@nymag.com,Female,196.53.90.116
95,Bret,Tunno,btunno2m@twitter.com,Male,147.233.96.73
96,Reade,Huyghe,rhuyghe2n@artisteer.com,Male,202.114.154.7
97,Ravi,Ciccone,rciccone2o@nyu.edu,Male,214.174.161.235
98,Aeriela,Leyshon,aleyshon2p@barnesandnoble.com,Female,225.192.250.31
99,Hedy,Keble,hkeble2q@simplemachines.org,Female,84.215.152.7
100,Thornie,Kopman,tkopman2r@newyorker.com,Male,7.82.146.236
101,Brannon,Crossland,bcrossland2s@google.fr,Male,180.29.22.84
102,Silvain,Renshaw,srenshaw2t@theglobeandmail.com,Male,88.218.228.98
103,Connie,Headley,cheadley2u@xinhuanet.com,Male,156.153.111.173
104,Emmaline,O'Brien,eobrien2v@gmpg.org,Genderqueer,47.110.210.37
105,Hesther,Dyneley,hdyneley2w@cocolog-nifty.com,Female,7.218.114.61
106,Derward,Wordley,dwordley2x@jigsy.com,Male,100.178.21.136
107,Adriana,Dubois,adubois2y@home.pl,Female,141.149.42.223
108,Kelwin,Hearst,khearst2z@icio.us,Male,68.184.155.141
109,Kaitlynn,Sweating,ksweating30@icio.us,Female,195.14.25.216
110,Abe,Genese,agenese31@hhs.gov,Male,195.139.71.107
111,Connie,Rollo,crollo32@bizjournals.com,Male,250.179.90.30
112,Nani,Leeburn,nleeburn33@aboutads.info,Female,21.144.22.188
113,Simeon,Cumberland,scumberland34@netlog.com,Male,101.170.105.97
114,Sibyl,Convery,sconvery35@netvibes.com,Female,187.96.72.123
115,Ester,Tisor,etisor36@rambler.ru,Female,39.68.160.185
116,Laurence,Cortese,lcortese37@list-manage.com,Male,121.133.28.75
117,Gasparo,Duffell,gduffell38@alibaba.com,Male,157.76.84.127
118,Licha,Cutchey,lcutchey39@g.co,Female,53.62.93.108
119,Davita,Bunstone,dbunstone3a@nature.com,Female,216.185.29.118
120,Faulkner,Kordas,fkordas3b@edublogs.org,Male,146.15.45.195
121,Pasquale,McGruar,pmcgruar3c@flickr.com,Male,45.228.167.185
122,Skyler,Gronaller,sgronaller3d@ustream.tv,Male,79.217.233.146
123,Hayward,Buesnel,hbuesnel3e@newyorker.com,Male,196.11.36.150
124,Agosto,Matches,amatches3f@pcworld.com,Male,245.159.80.39
125,Cob,Jickells,cjickells3g@howstuffworks.com,Bigender,89.195.254.75
126,Brewster,Grayson,bgrayson3h@blinklist.com,Genderfluid,185.100.83.95
127,Janey,Ellerton,jellerton3i@forbes.com,Female,35.39.30.175
128,Broddy,Bartle,bbartle3j@marketwatch.com,Male,39.173.29.177
129,Guilbert,Heaviside,gheaviside3k@uol.com.br,Male,64.58.103.234
130,Grace,Gledstane,ggledstane3l@fotki.com,Male,113.106.78.159
131,Jone,Esslement,jesslement3m@facebook.com,Male,201.176.95.88
132,Tedman,Jammes,tjammes3n@google.es,Male,20.119.141.233
133,Stephannie,Bradbeer,sbradbeer3o@homestead.com,Female,93.192.28.117
134,Nealon,Santore,nsantore3p@buzzfeed.com,Male,242.17.80.139
135,Norry,Harmes,nharmes3q@free.fr,Female,137.13.1.117
136,Silvio,Johnson,sjohnson3r@wufoo.com,Male,115.196.61.170
137,Veronica,Aris,varis3s@unc.edu,Female,222.200.155.129
138,Kristien,Grahame,kgrahame3t@si.edu,Female,4.208.159.168
139,Graeme,Coslitt,gcoslitt3u@amazon.com,Male,130.236.179.130
140,Hamil,Kubiczek,hkubiczek3v@sourceforge.net,Male,114.147.20.245
141,Benedicta,Whiten,bwhiten3w@hexun.com,Genderqueer,131.81.128.215
142,Octavia,Pafford,opafford3x@theatlantic.com,Female,6.34.157.18
143,Everett,Aspinall,easpinall3y@meetup.com,Male,195.135.85.159
144,Merridie,Gatch,mgatch3z@bluehost.com,Female,71.184.131.236
145,Zebedee,Gabrieli,zgabrieli40@homestead.com,Male,186.189.226.92
146,Micheline,Daubney,mdaubney41@oracle.com,Female,25.60.242.115
147,Zena,Greiser,zgreiser42@mediafire.com,Polygender,240.237.139.93
148,Aguie,Zucker,azucker43@time.com,Male,71.153.248.147
149,Juieta,Graver,jgraver44@etsy.com,Female,118.128.135.57
150,Trudy,Kittless,tkittless45@weather.com,Agender,172.156.78.200
151,Jenilee,Clarey,jclarey46@networksolutions.com,Female,219.134.46.178
152,Torr,Feye,tfeye47@jigsy.com,Male,98.120.212.4
153,Bear,Eagell,beagell48@loc.gov,Agender,20.109.117.117
154,Mimi,Menico,mmenico49@thetimes.co.uk,Female,179.216.229.61
155,Marcellina,Oakenford,moakenford4a@pagesperso-orange.fr,Female,162.81.176.12
156,Romona,Hoggin,rhoggin4b@behance.net,Female,101.232.27.232
157,Rhys,Orring,rorring4c@economist.com,Male,180.39.111.185
158,Helyn,Castletine,hcastletine4d@multiply.com,Female,72.55.139.120
159,Marget,Kynforth,mkynforth4e@cbsnews.com,Female,216.210.198.180
160,Sisely,Boater,sboater4f@eventbrite.com,Female,142.240.154.98
161,Joni,Philip,jphilip4g@purevolume.com,Female,181.154.206.12
162,Bart,Cutten,bcutten4h@va.gov,Male,161.250.56.224
163,Ulrike,Ortelt,uortelt4i@upenn.edu,Female,142.129.108.85
164,Robby,Dulany,rdulany4j@instagram.com,Non-binary,21.81.189.193
165,Ashien,Baglow,abaglow4k@dedecms.com,Female,5.132.29.13
166,Benson,Dunford,bdunford4l@artisteer.com,Non-binary,175.163.39.41
167,Gradey,Hicks,ghicks4m@latimes.com,Male,138.67.206.140
168,Elicia,Szapiro,eszapiro4n@techcrunch.com,Female,84.26.194.16
169,Tiffanie,Cumberlidge,tcumberlidge4o@addtoany.com,Female,177.54.244.173
170,Therine,Chugg,tchugg4p@linkedin.com,Female,180.152.95.121
171,Sky,Leathe,sleathe4q@businessinsider.com,Male,240.155.44.163
172,Cherye,Dickson,cdickson4r@cbsnews.com,Agender,179.5.142.74
173,Felicle,Iceton,ficeton4s@salon.com,Female,94.121.117.21
174,Waldemar,Carass,wcarass4t@unc.edu,Male,96.142.10.139
175,Ursuline,Ottee,uottee4u@sina.com.cn,Female,61.37.109.8
176,Averell,Steggals,asteggals4v@tinyurl.com,Male,172.162.237.244
177,Stanislas,Birdseye,sbirdseye4w@vimeo.com,Male,113.17.195.109
178,Lisha,Morrison,lmorrison4x@sohu.com,Female,188.11.93.75
179,Renado,Summerson,rsummerson4y@ovh.net,Male,100.232.114.187
180,Valerye,Cleworth,vcleworth4z@ihg.com,Female,156.75.2.56
181,Hansiain,Shortan,hshortan50@ebay.com,Male,180.74.95.29
182,Rivalee,Arpe,rarpe51@ca.gov,Female,246.235.37.170
183,Joline,Blanchard,jblanchard52@ucoz.ru,Female,253.54.42.252
184,Edith,Tibbits,etibbits53@linkedin.com,Genderfluid,104.252.101.238
185,Lyn,Piggins,lpiggins54@hp.com,Male,5.110.251.108
186,Krispin,Charlon,kcharlon55@goo.gl,Male,247.157.199.140
187,Chiarra,MacIver,cmaciver56@booking.com,Female,206.229.47.165
188,Tadeas,Ringsell,tringsell57@facebook.com,Male,90.57.177.44
189,Shari,Hollington,shollington58@google.com,Female,187.193.63.253
190,Ewen,Tassell,etassell59@weibo.com,Male,53.230.216.26
191,Lavinie,Fontenot,lfontenot5a@cam.ac.uk,Female,60.190.82.137
192,Fidel,Dundon,fdundon5b@istockphoto.com,Male,28.165.228.228
193,Marisa,Burthom,mburthom5c@com.com,Female,24.131.111.151
194,Salvador,Gaythorpe,sgaythorpe5d@howstuffworks.com,Non-binary,101.37.200.82
195,Frieda,Lynam,flynam5e@netscape.com,Female,145.244.99.187
196,Faustine,Wyleman,fwyleman5f@webnode.com,Female,111.53.132.104
197,Jock,Dobey,jdobey5g@bloglines.com,Male,237.26.17.76
198,Aubree,Elbourn,aelbourn5h@wordpress.com,Female,183.164.52.18
199,Conroy,Greally,cgreally5i@wsj.com,Male,10.248.56.125
200,Meggy,Entwhistle,mentwhistle5j@amazon.de,Female,72.110.145.27
201,Cindie,Millgate,cmillgate5k@dot.gov,Bigender,80.4.242.135
202,Brooke,Droogan,bdroogan5l@theglobeandmail.com,Male,68.235.170.166
203,Franklyn,De La Coste,fdelacoste5m@usgs.gov,Male,210.101.228.64
204,Rosanne,Tivenan,rtivenan5n@deviantart.com,Female,57.249.92.95
205,Conney,Curteis,ccurteis5o@nbcnews.com,Male,140.188.64.178
206,Meggi,Sandys,msandys5p@google.fr,Female,146.22.249.139
207,Dare,Slaght,dslaght5q@wunderground.com,Polygender,68.11.200.37
208,Guss,Tomaszynski,gtomaszynski5r@addtoany.com,Male,244.120.155.152
209,Olly,Witard,owitard5s@themeforest.net,Male,202.106.184.16
210,Rosalind,Connock,rconnock5t@opensource.org,Female,155.91.160.89
211,Isabeau,Breeze,ibreeze5u@marriott.com,Female,84.34.54.69
212,Clareta,Kline,ckline5v@globo.com,Female,230.137.138.28
213,Francisca,Grichukhanov,fgrichukhanov5w@msu.edu,Female,219.21.39.207
214,Nana,Rivaland,nrivaland5x@themeforest.net,Female,132.65.189.105
215,Frederique,Gever,fgever5y@prweb.com,Female,49.226.80.243
216,Johannah,Andreasson,jandreasson5z@foxnews.com,Female,119.116.190.65
217,Kit,Watling,kwatling60@cnbc.com,Male,132.198.103.173
218,Patsy,Trewartha,ptrewartha61@blogger.com,Male,66.95.80.45
219,Law,Barwise,lbarwise62@sciencedirect.com,Male,241.73.208.149
220,Cull,Beachamp,cbeachamp63@altervista.org,Male,240.3.222.253
221,Cherice,Crosthwaite,ccrosthwaite64@bbb.org,Agender,5.124.172.148
222,Mattheus,Coddington,mcoddington65@csmonitor.com,Male,90.74.130.144
223,Teena,Piddlesden,tpiddlesden66@eventbrite.com,Female,231.77.252.52
224,Parke,Hover,phover67@cam.ac.uk,Male,101.237.80.56
225,Lucho,Seeks,lseeks68@oracle.com,Male,226.59.92.173
226,Corty,Levine,clevine69@livejournal.com,Male,61.121.27.178
227,Itch,MacAless,imacaless6a@epa.gov,Male,211.25.219.242
228,Matthieu,Robardley,mrobardley6b@techcrunch.com,Male,244.124.40.227
229,Winny,Camber,wcamber6c@illinois.edu,Male,203.159.176.123
230,Read,Ganforth,rganforth6d@google.co.jp,Male,44.159.148.51
231,Linoel,Longthorne,llongthorne6e@google.nl,Male,56.159.120.168
232,Shayne,Childerhouse,schilderhouse6f@51.la,Female,90.20.222.99
233,Harold,Meiklem,hmeiklem6g@disqus.com,Male,87.12.80.173
234,Ludwig,Money,lmoney6h@ft.com,Male,240.225.185.157
235,Olivia,Offill,ooffill6i@gizmodo.com,Female,21.175.142.21
236,Dag,Fawdry,dfawdry6j@telegraph.co.uk,Male,61.245.63.166
237,Inesita,Ovendale,iovendale6k@npr.org,Female,142.54.107.193
238,Isidor,Trime,itrime6l@unicef.org,Male,121.248.223.133
239,Korney,Kissell,kkissell6m@ameblo.jp,Female,246.27.113.174
240,Catherine,Gillatt,cgillatt6n@sourceforge.net,Female,64.119.96.80
241,Oralle,Hodinton,ohodinton6o@eventbrite.com,Female,138.50.121.198
242,Gifford,Heathfield,gheathfield6p@buzzfeed.com,Male,72.70.93.231
243,Nancy,Evamy,nevamy6q@hud.gov,Female,100.225.3.199
244,Wendye,Aughtie,waughtie6r@youtube.com,Agender,136.74.9.20
245,Frieda,Tatham,ftatham6s@gov.uk,Female,175.201.101.27
246,Wynne,Crutcher,wcrutcher6t@geocities.com,Agender,215.197.221.125
247,Abagael,Lavrick,alavrick6u@amazon.co.jp,Female,68.170.44.212
248,Darbee,Curedale,dcuredale6v@aol.com,Male,192.254.179.64
249,Borden,Vuittet,bvuittet6w@loc.gov,Male,71.232.8.108
250,Kori,Harrington,kharrington6x@constantcontact.com,Female,15.126.194.105
251,Broderick,Sleaford,bsleaford6y@yelp.com,Male,206.134.64.144
252,Ferdinand,Loy,floy6z@jugem.jp,Genderfluid,129.65.102.160
253,Danice,Manston,dmanston70@nhs.uk,Female,76.77.81.54
254,Ellissa,Grayley,egrayley71@gizmodo.com,Female,39.92.123.104
255,Galvan,Goodlake,ggoodlake72@ebay.co.uk,Male,159.255.253.110
256,Marylin,Reford,mreford73@comsenz.com,Female,7.174.180.28
257,Neilla,Crevagh,ncrevagh74@youtube.com,Female,95.109.11.194
258,Doralyn,McGloin,dmcgloin75@salon.com,Female,105.23.53.253
259,Samuele,Hans,shans76@phoca.cz,Male,150.199.165.178
260,Kitti,Grafton-Herbert,kgraftonherbert77@statcounter.com,Female,61.146.0.130
261,Harald,Renshell,hrenshell78@bravesites.com,Male,33.12.112.147
262,Chrotoem,Fearneley,cfearneley79@economist.com,Male,15.154.177.141
263,Chickie,Larrie,clarrie7a@sphinn.com,Male,154.214.192.213
264,David,Klazenga,dklazenga7b@noaa.gov,Male,171.170.15.11
265,Charlie,Sandilands,csandilands7c@utexas.edu,Male,76.20.228.52
266,Gauthier,Keep,gkeep7d@dell.com,Male,128.38.72.234
267,Jeremiah,Giannazzo,jgiannazzo7e@seattletimes.com,Male,21.201.65.180
268,Dagny,Dedon,ddedon7f@walmart.com,Male,5.77.172.4
269,Quinn,Dwire,qdwire7g@photobucket.com,Female,38.195.208.113
270,Fayre,Haggerwood,fhaggerwood7h@angelfire.com,Female,16.233.123.1
271,Carson,O'Duane,coduane7i@lulu.com,Male,58.23.8.182
272,Wallace,Colenutt,wcolenutt7j@dailymail.co.uk,Male,92.176.26.252
273,Glori,Rawlence,grawlence7k@qq.com,Female,30.52.204.64
274,Tamas,Crusham,tcrusham7l@typepad.com,Non-binary,110.74.57.216
275,Selby,Burry,sburry7m@msn.com,Polygender,240.106.184.252
276,Ailis,Copes,acopes7n@eventbrite.com,Female,213.179.47.215
277,Johan,Burless,jburless7o@mashable.com,Male,151.130.180.112
278,Jaquelin,Test,jtest7p@jiathis.com,Female,246.109.221.87
279,Giulia,Hubbert,ghubbert7q@usa.gov,Female,117.214.226.66
280,Allegra,Clerc,aclerc7r@sbwire.com,Female,57.239.190.11
281,Camila,Lawton,clawton7s@indiatimes.com,Female,163.54.184.195
282,Aldric,Hegdonne,ahegdonne7t@tumblr.com,Male,57.179.48.133
283,Barny,Colgrave,bcolgrave7u@icq.com,Male,208.173.194.110
284,Rod,Voff,rvoff7v@youtu.be,Male,94.95.255.226
285,Coralie,Jablonski,cjablonski7w@usatoday.com,Female,6.224.6.171
286,Bevon,Letcher,bletcher7x@economist.com,Male,244.130.204.189
287,Eamon,Loughney,eloughney7y@businessweek.com,Male,183.134.176.214
288,Serene,Gawke,sgawke7z@wsj.com,Female,49.223.36.146
289,Pinchas,Egre,pegre80@theglobeandmail.com,Male,197.137.248.95
290,Elfrida,Sleney,esleney81@gnu.org,Female,1.223.28.113
291,Evy,Silbersak,esilbersak82@whitehouse.gov,Female,192.161.80.36
292,Blithe,MacCleay,bmaccleay83@stumbleupon.com,Non-binary,174.183.145.117
293,Zorina,Gerholz,zgerholz84@networkadvertising.org,Female,143.24.228.73
294,Sybilla,Clissett,sclissett85@theatlantic.com,Female,1.192.9.12
295,Gretchen,Garie,ggarie86@vk.com,Female,187.139.217.174
296,Tito,Rosenbush,trosenbush87@hc360.com,Polygender,91.40.133.213
297,Freddy,Curd,fcurd88@microsoft.com,Male,172.148.100.193
298,Demetria,Pyburn,dpyburn89@qq.com,Female,197.95.46.245
299,Donalt,Skiggs,dskiggs8a@mayoclinic.com,Genderfluid,72.204.21.27
300,Geoffry,Bahls,gbahls8b@bravesites.com,Male,250.156.183.17
301,Tull,Byham,tbyham8c@tripod.com,Genderqueer,224.186.242.33
302,Nichole,Whittock,nwhittock8d@comcast.net,Male,86.67.245.53
303,Guntar,Stoller,gstoller8e@blog.com,Male,138.72.82.140
304,Jade,Tomczykowski,jtomczykowski8f@washingtonpost.com,Female,101.83.181.174
305,Sheri,Fell,sfell8g@fda.gov,Female,25.129.168.247
306,Madella,Claasen,mclaasen8h@arizona.edu,Female,7.104.46.158
307,Emlynne,Wadlow,ewadlow8i@hibu.com,Female,47.48.40.23
308,Glad,Figgins,gfiggins8j@trellian.com,Female,43.130.234.84
309,Benton,Wollers,bwollers8k@comcast.net,Male,200.187.101.69
310,Wilhelm,Gaythorpe,wgaythorpe8l@latimes.com,Male,61.56.20.13
311,Bogey,Carnilian,bcarnilian8m@who.int,Genderfluid,194.194.240.171
312,Scotty,Fuente,sfuente8n@about.com,Male,207.208.205.111
313,Jemmie,Halpin,jhalpin8o@quantcast.com,Genderqueer,204.177.48.87
314,Brianna,Narracott,bnarracott8p@nasa.gov,Agender,252.129.166.182
315,Kristopher,Scinelli,kscinelli8q@squarespace.com,Bigender,234.208.240.129
316,Mackenzie,Deny,mdeny8r@facebook.com,Male,24.63.35.71
317,Ilsa,Nott,inott8s@theglobeandmail.com,Female,153.86.137.103
318,Kenneth,Egle of Germany,kegleofgermany8t@cdc.gov,Male,194.204.53.49
319,Libby,Smitton,lsmitton8u@japanpost.jp,Female,64.74.51.120
320,Thadeus,Rampton,trampton8v@aboutads.info,Male,153.154.177.76
321,Joya,Janek,jjanek8w@example.com,Female,245.72.63.55
322,Eldridge,Schwander,eschwander8x@wsj.com,Male,54.64.207.133
323,Georgeta,Stannett,gstannett8y@ihg.com,Female,60.238.167.188
324,Mela,Blackway,mblackway8z@pcworld.com,Female,172.34.103.74
325,Christy,Plenty,cplenty90@cocolog-nifty.com,Male,149.82.202.148
326,Mathilda,Farrier,mfarrier91@youku.com,Female,74.197.76.163
327,Garfield,Benedek,gbenedek92@google.com.hk,Male,231.195.118.112
328,Kim,Chilcott,kchilcott93@slashdot.org,Male,159.27.232.193
329,Sigismondo,Rasor,srasor94@phpbb.com,Male,198.134.170.31
330,Layton,Sooley,lsooley95@miitbeian.gov.cn,Male,34.185.255.69
331,Englebert,Baldocci,ebaldocci96@eventbrite.com,Male,13.238.129.28
332,Ikey,Sprowle,isprowle97@shinystat.com,Male,88.3.93.232
333,Mick,Wethey,mwethey98@about.com,Male,98.98.65.182
334,Antonina,Alkin,aalkin99@senate.gov,Female,158.53.199.39
335,Normie,Hoffner,nhoffner9a@vinaora.com,Male,131.83.64.40
336,Willis,Tonner,wtonner9b@mashable.com,Male,143.0.46.179
337,Dorree,Hickisson,dhickisson9c@simplemachines.org,Female,159.182.50.165
338,Hal,Chuck,hchuck9d@craigslist.org,Male,29.126.63.97
339,Merissa,Denis,mdenis9e@bandcamp.com,Female,195.65.104.178
340,Brendan,Van Der Walt,bvanderwalt9f@wufoo.com,Male,80.127.1.53
341,Desirae,Whitnell,dwhitnell9g@geocities.com,Female,242.16.118.193
342,Gilburt,Lodin,glodin9h@diigo.com,Bigender,186.41.124.226
343,Marlin,Finlay,mfinlay9i@auda.org.au,Non-binary,136.36.90.49
344,Huey,Dufty,hdufty9j@netscape.com,Male,137.142.1.112
345,Deane,Videan,dvidean9k@geocities.jp,Female,83.119.88.3
346,Alverta,Temperton,atemperton9l@nih.gov,Female,240.237.249.105
347,May,Stonary,mstonary9m@parallels.com,Genderqueer,20.16.35.89
348,Neilla,Powlesland,npowlesland9n@wikispaces.com,Female,65.193.33.255
349,Hope,Emmot,hemmot9o@tripod.com,Female,99.251.248.107
350,Stacie,Ferrarotti,sferrarotti9p@house.gov,Female,143.94.32.194
351,Bab,Betteridge,bbetteridge9q@pcworld.com,Female,150.234.226.76
352,Molli,Fardoe,mfardoe9r@php.net,Female,70.198.228.124
353,Boone,Gladebeck,bgladebeck9s@usa.gov,Male,224.1.158.11
354,Valaree,MacColgan,vmaccolgan9t@tinyurl.com,Female,145.198.122.140
355,Barron,McCuthais,bmccuthais9u@home.pl,Male,200.6.74.154
356,Lily,Jermyn,ljermyn9v@pen.io,Female,65.19.34.76
357,Osborn,Branchett,obranchett9w@yelp.com,Male,98.93.153.118
358,Thekla,Burgot,tburgot9x@epa.gov,Female,134.219.131.82
359,Sampson,Kuschke,skuschke9y@imdb.com,Male,236.9.234.114
360,Lacy,Backler,lbackler9z@barnesandnoble.com,Female,68.209.165.2
361,Artemis,Kindell,akindella0@reuters.com,Male,146.85.168.141
362,Katrine,Laurentino,klaurentinoa1@i2i.jp,Female,210.130.159.18
363,Blakelee,Elcombe,belcombea2@blog.com,Female,186.28.65.36
364,Hillery,Renals,hrenalsa3@phpbb.com,Male,37.198.125.183
365,Culver,Natalie,cnataliea4@de.vu,Male,58.198.247.60
366,Chester,Tomkies,ctomkiesa5@t-online.de,Male,87.26.203.248
367,Gardner,Stringer,gstringera6@facebook.com,Male,83.238.136.18
368,Red,Akid,rakida7@discovery.com,Male,183.136.13.92
369,Lesli,Godding,lgoddinga8@accuweather.com,Female,73.88.33.149
370,Merrill,Morgen,mmorgena9@npr.org,Male,118.97.166.48
371,Martino,Jako,mjakoaa@ezinearticles.com,Male,200.23.30.155
372,Feodor,Slader,fsladerab@nymag.com,Male,16.72.252.36
373,Falito,Daintry,fdaintryac@admin.ch,Male,234.169.115.210
374,Ediva,Ciobutaru,eciobutaruad@hibu.com,Female,24.42.64.136
375,Ruben,Londsdale,rlondsdaleae@vistaprint.com,Male,26.14.154.192
376,Wenonah,Parren,wparrenaf@deliciousdays.com,Female,180.189.137.216
377,Elsey,Kubista,ekubistaag@biglobe.ne.jp,Female,57.183.28.89
378,Briggs,O'Hannen,bohannenah@unicef.org,Male,186.89.49.74
379,Leeland,Wyeth,lwyethai@canalblog.com,Male,188.244.7.217
380,Alain,Stirrup,astirrupaj@jugem.jp,Male,23.180.22.234
381,Urbain,Arundell,uarundellak@dmoz.org,Male,207.250.87.231
382,Yelena,Jochanany,yjochananyal@tinyurl.com,Female,61.76.54.108
383,Genovera,Hughes,ghughesam@mozilla.org,Female,75.106.73.63
384,Irena,Stacy,istacyan@i2i.jp,Female,38.185.104.100
385,Myca,Pabel,mpabelao@comsenz.com,Male,153.132.54.20
386,Gwenneth,Lenahan,glenahanap@yandex.ru,Female,148.238.202.79
387,Dinny,Feldstein,dfeldsteinaq@digg.com,Female,171.209.17.43
388,Camella,Osinin,cosininar@phoca.cz,Female,197.0.114.33
389,Anabella,Fern,afernas@wikipedia.org,Female,25.35.93.119
390,Amabel,Anger,aangerat@1und1.de,Agender,87.234.27.110
391,Shem,Loud,sloudau@tamu.edu,Male,63.223.150.91
392,Marya,Bog,mbogav@exblog.jp,Female,76.91.112.84
393,Charlot,Royan,croyanaw@npr.org,Female,29.204.22.88
394,Kissiah,Wittke,kwittkeax@amazon.co.jp,Female,240.149.104.182
395,Wrennie,Coo,wcooay@engadget.com,Female,249.68.87.138
396,Thornton,Bayliss,tbaylissaz@sitemeter.com,Male,59.165.128.135
397,Sterne,Nassi,snassib0@ibm.com,Male,224.142.1.95
398,Rudd,Cellier,rcellierb1@domainmarket.com,Male,205.195.44.48
399,Glad,Salazar,gsalazarb2@jalbum.net,Female,227.32.214.50
400,Paddy,Roffey,proffeyb3@hexun.com,Male,207.187.251.164
401,Rossie,Kimmons,rkimmonsb4@sciencedirect.com,Male,239.145.197.181
402,Miriam,Raddenbury,mraddenburyb5@mysql.com,Female,80.7.68.213
403,Tallia,Glaister,tglaisterb6@hatena.ne.jp,Female,103.29.228.166
404,Kristoforo,Haig,khaigb7@scientificamerican.com,Male,11.16.23.69
405,Nikolas,Hoble,nhobleb8@xinhuanet.com,Male,67.55.7.52
406,Phillipp,Wilce,pwilceb9@chron.com,Male,76.99.160.234
407,Alejandro,Jackways,ajackwaysba@ted.com,Male,254.117.75.219
408,Julianna,Goodchild,jgoodchildbb@tumblr.com,Female,49.149.202.174
409,Monroe,Finders,mfindersbc@weather.com,Male,182.52.172.148
410,Vivien,Lecointe,vlecointebd@cdbaby.com,Female,251.159.70.117
411,Patrizia,Nutter,pnutterbe@auda.org.au,Female,106.24.23.248
412,Prudi,Lob,plobbf@multiply.com,Female,8.181.188.108
413,Darb,Elfes,delfesbg@youtu.be,Male,148.157.161.241
414,Leeland,Lunnon,llunnonbh@census.gov,Male,7.75.60.212
415,Gilburt,Ayllett,gayllettbi@plala.or.jp,Male,9.158.39.114
416,Nonie,Barczewski,nbarczewskibj@opensource.org,Polygender,171.198.55.57
417,Blake,Sellwood,bsellwoodbk@storify.com,Female,76.178.206.163
418,Reidar,Jopson,rjopsonbl@dot.gov,Male,78.190.30.171
419,Karry,Leeds,kleedsbm@bizjournals.com,Female,28.228.195.5
420,Mareah,Karpman,mkarpmanbn@google.com.au,Female,228.217.64.27
421,Vale,Cleyne,vcleynebo@blog.com,Female,207.236.153.5
422,Neville,Palfree,npalfreebp@constantcontact.com,Male,22.102.235.147
423,Douglas,Gunney,dgunneybq@t.co,Male,198.152.186.170
424,Mick,Dimblebee,mdimblebeebr@foxnews.com,Male,227.136.100.102
425,Melisse,Fawks,mfawksbs@imgur.com,Female,63.144.162.57
426,Eloise,Pumfrett,epumfrettbt@lycos.com,Female,138.112.203.21
427,Bordie,Fessions,bfessionsbu@goodreads.com,Male,147.72.0.206
428,Hirsch,Skittrell,hskittrellbv@amazon.de,Male,65.40.64.38
429,Myron,Salsberg,msalsbergbw@behance.net,Male,209.89.94.23
430,Binky,Bindley,bbindleybx@yahoo.co.jp,Male,20.67.17.151
431,Doyle,Spillard,dspillardby@google.com,Male,245.129.158.82
432,Jed,Tickner,jticknerbz@cdc.gov,Male,18.126.36.25
433,Dill,Bolver,dbolverc0@theguardian.com,Male,80.246.129.190
434,Earlie,McColl,emccollc1@comsenz.com,Male,177.85.109.31
435,Caesar,Harse,charsec2@google.ca,Male,215.122.239.221
436,Monah,Quested,mquestedc3@topsy.com,Female,138.131.131.100
437,Gretchen,Leney,gleneyc4@163.com,Female,52.17.184.204
438,Reg,Cone,rconec5@cbslocal.com,Male,85.90.181.58
439,Lannie,Vanyakin,lvanyakinc6@behance.net,Male,222.44.94.175
440,Shirline,De Giorgis,sdegiorgisc7@ycombinator.com,Female,6.203.62.6
441,Kessia,Ousby,kousbyc8@google.es,Female,32.91.40.81
442,Garik,Brookshaw,gbrookshawc9@japanpost.jp,Male,98.92.32.172
443,Karney,Kinkaid,kkinkaidca@auda.org.au,Bigender,29.238.15.251
444,Jessi,Averay,javeraycb@vkontakte.ru,Female,138.181.27.209
445,Gillie,Faust,gfaustcc@e-recht24.de,Female,26.254.65.121
446,Norby,Benjefield,nbenjefieldcd@weebly.com,Male,156.20.2.111
447,Kylynn,Guillot,kguillotce@furl.net,Female,243.57.20.29
448,Mathe,Jerwood,mjerwoodcf@stumbleupon.com,Genderqueer,166.144.110.83
449,Edi,Hamblin,ehamblincg@xrea.com,Female,137.126.64.98
450,Georgette,Eynon,geynonch@hexun.com,Female,71.192.233.143
451,Camile,Sturt,csturtci@marriott.com,Female,108.46.159.214
452,Joella,Duly,jdulycj@sciencedirect.com,Female,210.184.126.155
453,Les,Patty,lpattyck@wisc.edu,Male,231.208.189.22
454,Hilliary,Scarsbrooke,hscarsbrookecl@skype.com,Female,34.137.153.116
455,Taffy,Toby,ttobycm@prlog.org,Female,36.180.30.234
456,Quinn,Stanyland,qstanylandcn@delicious.com,Female,102.252.141.117
457,Consuela,McQuade,cmcquadeco@buzzfeed.com,Female,246.127.162.12
458,Stesha,Durtnall,sdurtnallcp@who.int,Bigender,107.139.215.174
459,Justen,Stivey,jstiveycq@webs.com,Male,83.127.50.249
460,Rochette,Handley,rhandleycr@ucsd.edu,Female,86.177.42.220
461,Rae,Willwood,rwillwoodcs@prweb.com,Female,250.106.63.144
462,Josepha,Chainey,jchaineyct@twitter.com,Female,0.111.207.86
463,Abraham,Beasant,abeasantcu@parallels.com,Male,8.72.16.74
464,Shane,Ertelt,serteltcv@bloglines.com,Female,176.124.200.166
465,Genvieve,Arundale,garundalecw@miitbeian.gov.cn,Female,144.83.1.1
466,Zelma,Schulkins,zschulkinscx@spiegel.de,Female,126.255.198.113
467,Mora,Polkinghorne,mpolkinghornecy@ovh.net,Female,6.30.123.83
468,Annalise,Stegers,astegerscz@usa.gov,Female,77.0.1.121
469,Emmaline,Royce,eroyced0@lulu.com,Female,120.40.64.235
470,Chad,Ranklin,cranklind1@miitbeian.gov.cn,Female,52.181.209.24
471,Filmore,Maulden,fmauldend2@zimbio.com,Male,189.75.217.89
472,Alan,Ollive,aollived3@house.gov,Male,46.126.236.114
473,Conney,Lukehurst,clukehurstd4@hao123.com,Male,208.186.48.255
474,Sunny,Avramchik,savramchikd5@jiathis.com,Male,115.44.135.229
475,Pamelina,Julien,pjuliend6@weibo.com,Female,238.175.60.76
476,Hurlee,Hazard,hhazardd7@columbia.edu,Male,164.17.20.236
477,Oren,de Bullion,odebulliond8@yolasite.com,Male,151.102.6.157
478,Demott,Cuthbertson,dcuthbertsond9@diigo.com,Genderfluid,126.186.247.106
479,Gerardo,Janusz,gjanuszda@github.io,Male,109.213.48.33
480,Ladonna,Retter,lretterdb@timesonline.co.uk,Genderqueer,30.70.237.204
481,Pincas,Rozsa,prozsadc@unc.edu,Male,73.29.31.221
482,Shae,Jacobowicz,sjacobowiczdd@ucoz.ru,Male,214.57.9.201
483,Rene,Kalderon,rkalderonde@chicagotribune.com,Male,218.124.98.52
484,Mehetabel,Blore,mbloredf@china.com.cn,Female,191.115.25.84
485,Meagan,Teenan,mteenandg@yellowbook.com,Female,182.91.88.9
486,Pernell,Vakhrushev,pvakhrushevdh@reddit.com,Male,34.108.136.70
487,Corry,Bediss,cbedissdi@ted.com,Female,248.229.11.23
488,Kristoforo,Tonner,ktonnerdj@about.com,Male,115.86.47.25
489,Herman,Fitzjohn,hfitzjohndk@ucla.edu,Male,38.20.78.250
490,Theobald,Jackling,tjacklingdl@ihg.com,Male,8.175.208.165
491,Ripley,Clendinning,rclendinningdm@indiegogo.com,Male,243.8.248.135
492,Colene,Fermin,cfermindn@printfriendly.com,Female,77.136.42.0
493,Phylys,Adamczewski,padamczewskido@disqus.com,Female,145.11.13.77
494,Berty,Frankum,bfrankumdp@fotki.com,Female,140.210.17.80
495,Jarrett,Gatesman,jgatesmandq@pen.io,Male,161.17.106.19
496,Shayne,de Bullion,sdebulliondr@google.com.au,Male,90.10.25.230
497,Kendra,Meagh,kmeaghds@wikimedia.org,Female,63.237.248.198
498,Charlton,Asaaf,casaafdt@unblog.fr,Male,232.123.133.169
499,Fletcher,Bursnoll,fbursnolldu@etsy.com,Male,48.43.88.204
500,Bern,Richten,brichtendv@indiegogo.com,Male,202.138.164.214
501,Demetre,Ewings,dewingsdw@psu.edu,Male,17.231.69.201
502,Galvin,Hurcombe,ghurcombedx@dedecms.com,Male,48.58.100.74
503,Gwenneth,Halpeine,ghalpeinedy@is.gd,Female,23.250.140.82
504,Nonie,Joy,njoydz@reddit.com,Female,43.99.26.216
505,Bobinette,Dingivan,bdingivane0@liveinternet.ru,Female,24.109.186.85
506,Bettina,Aubrey,baubreye1@google.de,Female,109.159.194.140
507,Travis,Dabbes,tdabbese2@examiner.com,Male,37.110.80.235
508,Goddart,Durbann,gdurbanne3@yandex.ru,Male,243.72.125.136
509,Justinn,Knotte,jknottee4@bbc.co.uk,Female,58.197.208.93
510,Goober,Sanja,gsanjae5@umich.edu,Male,15.77.140.45
511,Eben,McCreath,emccreathe6@time.com,Male,101.206.93.59
512,Margaretta,Thorrington,mthorringtone7@mtv.com,Female,245.141.13.253
513,Mackenzie,Stoak,mstoake8@cmu.edu,Male,212.139.75.212
514,Sheena,Harbidge,sharbidgee9@accuweather.com,Female,195.150.83.183
515,Samara,Torald,storaldea@fda.gov,Female,96.121.97.35
516,Kimberly,Muriel,kmurieleb@bbc.co.uk,Female,22.90.95.114
517,Uriel,Lieb,uliebec@behance.net,Male,165.104.138.118
518,Gaye,Waliszewski,gwaliszewskied@sbwire.com,Agender,137.252.100.50
519,Maxie,Ludye,mludyeee@smh.com.au,Male,89.159.72.179
520,Harmon,Alves,halvesef@redcross.org,Male,191.89.202.195
521,Florida,Upshall,fupshalleg@europa.eu,Female,121.69.84.89
522,Alma,Brandino,abrandinoeh@blogtalkradio.com,Female,217.246.47.140
523,Gil,Sans,gsansei@twitter.com,Male,183.53.156.188
524,Lowe,Howgego,lhowgegoej@illinois.edu,Male,60.60.28.150
525,Edward,Watford,ewatfordek@amazon.de,Male,241.198.238.109
526,Leodora,Colthurst,lcolthurstel@pcworld.com,Female,207.223.82.165
527,Read,Rossander,rrossanderem@hatena.ne.jp,Genderqueer,139.212.139.234
528,Corey,Shepton,csheptonen@telegraph.co.uk,Bigender,115.62.140.152
529,Launce,McCloud,lmccloudeo@yellowpages.com,Male,48.85.11.199
530,Quintus,Bunner,qbunnerep@wsj.com,Male,101.111.253.147
531,Mordecai,Parlet,mparleteq@amazon.co.jp,Male,96.84.252.91
532,Brynna,Kissack,bkissacker@1und1.de,Female,206.236.234.176
533,Chastity,Rembaud,crembaudes@shinystat.com,Female,106.124.215.215
534,Renard,Tiptaft,rtiptaftet@seattletimes.com,Male,51.6.24.13
535,Vicky,Millea,vmilleaeu@homestead.com,Agender,230.183.1.50
536,Gregory,Visick,gvisickev@google.ru,Male,195.180.123.244
537,Charlean,Stading,cstadingew@squarespace.com,Female,65.55.76.169
538,Ned,M'cowis,nmcowisex@ebay.com,Male,147.115.193.42
539,Henderson,Cockill,hcockilley@imdb.com,Genderfluid,132.172.165.149
540,Jessica,Chasney,jchasneyez@miibeian.gov.cn,Female,152.67.238.190
541,Patrick,Franzolini,pfranzolinif0@geocities.com,Male,91.203.246.231
542,Karalee,Brugemann,kbrugemannf1@zdnet.com,Female,125.173.104.203
543,Tori,Ketchaside,tketchasidef2@chicagotribune.com,Female,65.22.35.225
544,Mahmud,Petrolli,mpetrollif3@elpais.com,Male,131.51.190.29
545,Moina,McOnie,mmconief4@over-blog.com,Female,75.149.244.104
546,Dag,Ruecastle,druecastlef5@scribd.com,Male,107.110.214.102
547,Pet,Senior,pseniorf6@columbia.edu,Female,216.62.192.159
548,Bernie,Wedderburn,bwedderburnf7@addtoany.com,Male,211.137.217.63
549,Deni,Yoell,dyoellf8@xrea.com,Agender,159.175.151.100
550,Davon,Mordey,dmordeyf9@redcross.org,Male,66.88.83.244
551,Tiebold,Janczak,tjanczakfa@ow.ly,Male,101.110.73.23
552,Spenser,Ruffles,srufflesfb@godaddy.com,Male,41.180.91.230
553,Lorita,Inworth,linworthfc@cisco.com,Female,219.208.70.137
554,Farris,Maghull,fmaghullfd@cargocollective.com,Polygender,60.6.40.58
555,Gigi,Leng,glengfe@blogger.com,Female,59.227.181.64
556,Oliviero,Nevett,onevettff@apache.org,Male,138.143.160.35
557,Jens,Barlace,jbarlacefg@jalbum.net,Male,195.133.125.181
558,Fannie,Burley,fburleyfh@about.com,Female,231.166.218.51
559,Emerson,De Cleen,edecleenfi@shinystat.com,Male,120.158.104.166
560,Jackquelin,Durtnel,jdurtnelfj@bloglovin.com,Female,242.109.190.62
561,Salvatore,Paulisch,spaulischfk@csmonitor.com,Male,55.120.85.58
562,Gianina,Arthan,garthanfl@fastcompany.com,Genderqueer,147.207.249.220
563,Skell,Tomasi,stomasifm@state.gov,Male,255.10.212.229
564,Luisa,Boatwright,lboatwrightfn@fema.gov,Female,77.77.49.66
565,Randi,Guinnane,rguinnanefo@hc360.com,Male,224.187.209.73
566,Isa,Bowman,ibowmanfp@newyorker.com,Male,219.64.193.195
567,Elsinore,Conan,econanfq@google.it,Female,188.93.27.214
568,Tamra,Purshouse,tpurshousefr@unblog.fr,Female,69.240.213.75
569,Marsiella,Quesne,mquesnefs@businessinsider.com,Female,225.32.187.194
570,Dareen,Hannaford,dhannafordft@wikimedia.org,Female,82.86.46.179
571,Jess,Geill,jgeillfu@upenn.edu,Male,131.97.188.248
572,Nanny,Caulier,ncaulierfv@mysql.com,Female,36.142.110.166
573,Bethena,Smith,bsmithfw@1688.com,Female,66.91.149.56
574,Charil,Livezey,clivezeyfx@bluehost.com,Female,177.207.232.237
575,Garland,Dumingo,gdumingofy@sfgate.com,Bigender,202.250.153.63
576,Ida,Leverage,ileveragefz@yellowpages.com,Female,157.210.86.160
577,Gaby,McAulay,gmcaulayg0@nih.gov,Male,195.149.77.54
578,Ludovico,Callaway,lcallawayg1@zdnet.com,Male,41.144.108.66
579,Eachelle,Van Daalen,evandaaleng2@bing.com,Genderfluid,219.98.48.184
580,Joeann,McKomb,jmckombg3@apache.org,Bigender,97.157.110.34
581,Herbie,Winwood,hwinwoodg4@noaa.gov,Male,199.14.107.212
582,Erny,Hindenburg,ehindenburgg5@spotify.com,Agender,248.193.51.255
583,Terence,Hrishanok,thrishanokg6@imdb.com,Male,19.240.232.251
584,Jamal,Bonham,jbonhamg7@etsy.com,Male,102.70.57.170
585,Rosco,Duell,rduellg8@latimes.com,Polygender,200.35.109.132
586,Elwyn,Applewhite,eapplewhiteg9@google.pl,Male,52.133.48.191
587,Arabelle,Rene,arenega@wikia.com,Female,50.244.250.66
588,Geri,Toffolini,gtoffolinigb@shop-pro.jp,Female,168.187.186.43
589,Cyrillus,Eady,ceadygc@youtu.be,Male,220.174.191.137
590,Doll,Arbuckel,darbuckelgd@fotki.com,Female,134.104.91.120
591,Henriette,Standon,hstandonge@phpbb.com,Female,62.7.189.119
592,Ebenezer,Cowpland,ecowplandgf@umich.edu,Male,159.242.197.71
593,Nowell,Potteridge,npotteridgegg@archive.org,Male,237.80.62.241
594,Townie,Biagioni,tbiagionigh@baidu.com,Male,173.178.229.148
595,Daphne,Driffe,ddriffegi@cocolog-nifty.com,Female,73.212.215.123
596,Gabby,Redmain,gredmaingj@usda.gov,Genderfluid,48.226.121.208
597,Seth,Ocheltree,socheltreegk@symantec.com,Male,144.123.84.135
598,Darsie,Highwood,dhighwoodgl@opera.com,Female,210.159.210.238
599,Ondrea,Zammett,ozammettgm@jimdo.com,Female,34.129.98.81
600,Damien,McParland,dmcparlandgn@ucla.edu,Male,24.11.153.224
601,Randa,Lampen,rlampengo@go.com,Female,149.239.59.46
602,Loni,Starr,lstarrgp@over-blog.com,Female,16.67.64.97
603,Algernon,Burwell,aburwellgq@ihg.com,Male,108.3.54.179
604,Cirilo,McMillan,cmcmillangr@wikipedia.org,Male,10.236.124.43
605,Burg,Botha,bbothags@patch.com,Male,211.219.45.59
606,Agatha,Peeters,apeetersgt@drupal.org,Female,153.19.208.235
607,Pavel,Ahlin,pahlingu@upenn.edu,Male,206.181.126.157
608,Ginelle,Elvey,gelveygv@huffingtonpost.com,Female,158.157.0.250
609,Derick,Caslin,dcaslingw@sourceforge.net,Male,89.193.49.203
610,Ashlen,Weth,awethgx@narod.ru,Female,136.55.62.203
611,Sibylla,Kornousek,skornousekgy@washington.edu,Female,172.84.38.14
612,Davey,Kirtland,dkirtlandgz@freewebs.com,Male,208.4.117.127
613,Tova,Clifton,tcliftonh0@gov.uk,Female,88.235.183.165
614,Pooh,Camm,pcammh1@godaddy.com,Agender,235.140.69.131
615,Petronille,Alldridge,palldridgeh2@nih.gov,Female,93.13.114.73
616,Donna,Onraet,donraeth3@list-manage.com,Genderfluid,176.0.11.239
617,Lisabeth,Bentinck,lbentinckh4@seattletimes.com,Female,31.146.158.8
618,Edita,Romme,erommeh5@wp.com,Female,69.174.203.4
619,Victoir,Rizzi,vrizzih6@intel.com,Male,80.109.155.110
620,Orrin,Walaron,owalaronh7@shinystat.com,Male,190.140.101.224
621,Hieronymus,Alpe,halpeh8@sfgate.com,Male,160.23.200.239
622,Orv,Giovanizio,ogiovanizioh9@google.cn,Male,203.12.163.230
623,Marjie,Morales,mmoralesha@aol.com,Female,153.69.18.166
624,Olag,Shickle,oshicklehb@bloglovin.com,Male,16.126.196.104
625,Onfroi,Lanceley,olanceleyhc@goodreads.com,Male,89.71.236.15
626,Morse,Clive,mclivehd@ucla.edu,Male,12.242.24.142
627,Mozes,Roseblade,mrosebladehe@stumbleupon.com,Male,149.4.164.49
628,Bud,Trillo,btrillohf@unesco.org,Male,9.147.254.164
629,Cynde,Irons,cironshg@google.com.au,Female,59.17.212.70
630,Harold,Caccavella,hcaccavellahh@unc.edu,Male,242.148.31.116
631,Estrellita,Yakutin,eyakutinhi@storify.com,Female,162.115.161.82
632,Johann,Jeandel,jjeandelhj@fda.gov,Male,103.238.116.173
633,Karol,Eccleshare,kecclesharehk@360.cn,Female,156.35.140.196
634,Giuseppe,Smith,gsmithhl@cdbaby.com,Male,108.46.214.30
635,Karlotte,Wedmore.,kwedmorehm@fastcompany.com,Female,22.55.70.21
636,Yulma,Sneller,ysnellerhn@epa.gov,Non-binary,172.21.253.78
637,Ramsay,Larrie,rlarrieho@mayoclinic.com,Male,79.107.199.184
638,Onida,Tigwell,otigwellhp@webeden.co.uk,Female,247.226.78.178
639,Fayth,Ferrettini,fferrettinihq@istockphoto.com,Female,9.51.12.221
640,Betty,Iddison,biddisonhr@ox.ac.uk,Female,133.243.151.14
641,Geno,Peres,gpereshs@auda.org.au,Male,55.91.199.124
642,Rudolph,Corselles,rcorsellesht@odnoklassniki.ru,Male,135.161.21.66
643,Fran,Simonou,fsimonouhu@fc2.com,Female,234.57.236.29
644,Jeni,Anstie,janstiehv@de.vu,Female,87.15.83.54
645,Bartholemy,Brabyn,bbrabynhw@so-net.ne.jp,Male,75.10.49.195
646,Glynn,Skeen,gskeenhx@deviantart.com,Male,211.207.135.112
647,Elwyn,Haukey,ehaukeyhy@jalbum.net,Male,102.115.41.201
648,Coleman,Kinnoch,ckinnochhz@tuttocitta.it,Male,112.117.16.52
649,Arda,Terrett,aterretti0@instagram.com,Female,131.119.25.41
650,Raff,Perulli,rperullii1@tinyurl.com,Male,14.106.74.177
651,Binni,Ottosen,bottoseni2@desdev.cn,Female,198.189.63.86
652,Darryl,Hek,dheki3@ucoz.ru,Male,78.69.148.139
653,Fabio,McCrorie,fmccroriei4@sphinn.com,Male,58.10.240.255
654,Roman,Gencke,rgenckei5@linkedin.com,Male,101.155.168.34
655,Allegra,Lamming,alammingi6@cbc.ca,Female,242.91.247.178
656,Marianna,Bisset,mbisseti7@csmonitor.com,Female,110.254.78.81
657,Audrye,Smeed,asmeedi8@pinterest.com,Female,15.71.229.120
658,Pryce,Cornau,pcornaui9@oakley.com,Male,38.158.224.214
659,Ingamar,Lucus,ilucusia@abc.net.au,Male,226.190.208.190
660,Shurwood,Briat,sbriatib@multiply.com,Male,44.157.188.91
661,Aubry,Brucker,abruckeric@tinypic.com,Female,247.59.32.131
662,Andrea,Stollmeyer,astollmeyerid@latimes.com,Female,49.63.118.167
663,Marieann,Shillom,mshillomie@mail.ru,Female,130.48.169.253
664,Teresina,Fison,tfisonif@howstuffworks.com,Female,251.247.204.119
665,Olly,Sarle,osarleig@yelp.com,Male,244.27.140.90
666,Jonis,Alyokhin,jalyokhinih@google.com.au,Female,188.222.181.253
667,Cyrillus,Sighard,csighardii@ucla.edu,Male,65.36.83.57
668,Obadias,Goullee,ogoulleeij@ustream.tv,Male,253.77.161.176
669,Engelbert,Wevell,ewevellik@yahoo.com,Male,4.54.52.72
670,Darby,Pridham,dpridhamil@scientificamerican.com,Female,98.174.212.168
671,Lefty,Trengrove,ltrengroveim@weebly.com,Male,54.108.218.206
672,Miguel,Morey,mmoreyin@twitpic.com,Male,161.120.39.131
673,Friedrich,Rosgen,frosgenio@freewebs.com,Male,245.225.57.20
674,Fons,Noah,fnoahip@tinypic.com,Male,83.107.143.77
675,Harlin,Streetfield,hstreetfieldiq@ocn.ne.jp,Male,62.28.232.201
676,Marleen,Weldrick,mweldrickir@npr.org,Female,235.48.108.101
677,Bev,Messer,bmesseris@barnesandnoble.com,Male,245.205.105.245
678,Carroll,Craik,ccraikit@uiuc.edu,Male,107.106.232.249
679,Clair,Eaden,ceadeniu@mayoclinic.com,Female,64.192.84.43
680,Klemens,Wilce,kwilceiv@army.mil,Male,7.40.213.14
681,Wylma,Callam,wcallamiw@bing.com,Female,7.65.89.110
682,Eleonore,Rolles,erollesix@nydailynews.com,Genderqueer,10.193.76.26
683,Taddeusz,Hassan,thassaniy@freewebs.com,Male,103.52.68.175
684,Ogdan,Beeswing,obeeswingiz@nyu.edu,Male,229.36.1.62
685,Skippie,Boggs,sboggsj0@google.pl,Genderfluid,253.213.143.14
686,Joice,Lisciandri,jlisciandrij1@cnn.com,Female,80.30.69.9
687,Halsey,Syer,hsyerj2@deliciousdays.com,Male,114.145.190.29
688,Ginny,Librey,glibreyj3@epa.gov,Female,251.214.190.242
689,Casper,Chevalier,cchevalierj4@cam.ac.uk,Male,134.213.177.112
690,Randene,Skalls,rskallsj5@ox.ac.uk,Female,197.43.4.180
691,Amie,Goldring,agoldringj6@ihg.com,Female,144.3.114.114
692,Alfons,Codi,acodij7@sohu.com,Male,8.87.5.48
693,Monika,Fakeley,mfakeleyj8@washington.edu,Female,32.126.36.20
694,Celestia,Fauguel,cfauguelj9@engadget.com,Female,34.60.149.3
695,Lorettalorna,Speedin,lspeedinja@nifty.com,Female,40.202.137.111
696,Minnnie,Brusin,mbrusinjb@who.int,Female,218.130.4.25
697,Mufinella,Josskovitz,mjosskovitzjc@sciencedaily.com,Female,84.115.149.217
698,Tess,Shoorbrooke,tshoorbrookejd@tamu.edu,Female,237.55.125.143
699,Jacynth,Fitton,jfittonje@imageshack.us,Female,243.5.182.118
700,Jasmine,Grassick,jgrassickjf@imgur.com,Female,108.193.16.73
701,Garret,O'Dogherty,godoghertyjg@homestead.com,Male,142.86.247.78
702,Georg,Dulling,gdullingjh@bluehost.com,Male,244.90.239.97
703,Nolan,Haggath,nhaggathji@sitemeter.com,Male,50.170.0.221
704,Lena,Spight,lspightjj@hugedomains.com,Female,14.182.202.105
705,Shepherd,Walden,swaldenjk@foxnews.com,Male,188.108.136.39
706,Janette,Peasegood,jpeasegoodjl@cbc.ca,Female,221.209.50.139
707,Dwayne,Fagg,dfaggjm@oaic.gov.au,Male,199.76.71.173
708,Torrence,Baudinet,tbaudinetjn@blinklist.com,Male,76.221.29.83
709,Wandie,Scala,wscalajo@w3.org,Female,42.205.90.189
710,Verney,Rodrigo,vrodrigojp@wsj.com,Male,74.157.119.221
711,Farris,Mocker,fmockerjq@posterous.com,Male,45.39.33.211
712,Victor,Arran,varranjr@ning.com,Bigender,21.150.16.14
713,Dasya,Fowley,dfowleyjs@tripod.com,Genderfluid,103.231.106.167
714,Davide,Olivet,dolivetjt@fema.gov,Polygender,176.181.145.165
715,Maurice,Langford,mlangfordju@drupal.org,Male,245.45.21.6
716,Elton,Alyokhin,ealyokhinjv@mayoclinic.com,Male,139.0.220.62
717,Malory,Haney,mhaneyjw@yahoo.com,Female,126.176.65.14
718,Kayley,Bellison,kbellisonjx@paginegialle.it,Female,6.62.219.188
719,Lesli,Goscar,lgoscarjy@google.de,Female,61.15.30.16
720,Kari,Corringham,kcorringhamjz@bluehost.com,Female,249.228.221.131
721,Jemmie,Abels,jabelsk0@craigslist.org,Female,106.98.220.220
722,Jens,Casado,jcasadok1@techcrunch.com,Male,106.78.35.33
723,Poul,Gowanson,pgowansonk2@facebook.com,Male,106.30.145.155
724,Vidovic,Boteman,vbotemank3@tinypic.com,Male,198.99.162.18
725,Celestyna,Maudling,cmaudlingk4@hc360.com,Female,147.223.165.25
726,Brittany,Rodbourne,brodbournek5@baidu.com,Agender,224.19.216.249
727,Harper,Patty,hpattyk6@sourceforge.net,Bigender,27.36.151.248
728,Desi,Reeds,dreedsk7@sciencedaily.com,Male,180.76.202.74
729,Inger,Stamper,istamperk8@ow.ly,Male,79.144.95.123
730,Meridith,Sansun,msansunk9@newsvine.com,Female,211.234.119.71
731,Ingamar,Gullan,igullanka@edublogs.org,Male,10.155.211.44
732,Pryce,Swanbourne,pswanbournekb@huffingtonpost.com,Male,186.237.93.247
733,Tobiah,Harwood,tharwoodkc@blogs.com,Male,170.150.8.246
734,Yancey,Giamelli,ygiamellikd@xrea.com,Male,24.112.80.237
735,Joby,Helks,jhelkske@arstechnica.com,Female,12.139.20.135
736,Dorey,Hardacre,dhardacrekf@slate.com,Female,135.195.234.74
737,Jeanine,Hazelhurst,jhazelhurstkg@cnbc.com,Female,100.42.54.146
738,Virgil,Sans,vsanskh@nbcnews.com,Male,90.36.105.241
739,Pernell,Gaskamp,pgaskampki@washingtonpost.com,Male,132.226.131.64
740,Isobel,Kingswood,ikingswoodkj@dyndns.org,Female,132.91.10.208
741,Jillian,Orrice,jorricekk@about.me,Female,39.39.6.205
742,Carrol,Matiewe,cmatiewekl@nasa.gov,Male,44.175.124.22
743,Dorris,Pirdy,dpirdykm@skype.com,Female,157.232.249.245
744,Olenka,Jessel,ojesselkn@webeden.co.uk,Female,66.74.80.144
745,Dexter,Adamo,dadamoko@reuters.com,Male,199.78.159.32
746,Andra,Ganing,aganingkp@reference.com,Female,52.25.143.90
747,Barbra,Christofe,bchristofekq@vistaprint.com,Female,151.122.47.16
748,Sianna,Gowrich,sgowrichkr@thetimes.co.uk,Female,183.164.108.224
749,Kaine,Demelt,kdemeltks@economist.com,Male,168.177.8.62
750,Lynna,Harry,lharrykt@psu.edu,Female,253.35.241.250
751,Silas,Lyffe,slyffeku@de.vu,Male,242.126.151.205
752,Jemimah,Vonasek,jvonasekkv@wikia.com,Female,119.77.139.213
753,Lamont,Cusworth,lcusworthkw@whitehouse.gov,Bigender,69.159.109.61
754,Davie,Snelson,dsnelsonkx@army.mil,Male,81.89.16.66
755,Desmund,Hanster,dhansterky@phoca.cz,Male,252.78.225.38
756,Jory,Epsley,jepsleykz@prlog.org,Male,219.148.249.101
757,Theodora,Muro,tmurol0@jalbum.net,Female,146.142.130.86
758,Florella,Negus,fnegusl1@ed.gov,Female,81.28.68.178
759,Eran,Ginie,eginiel2@fc2.com,Female,180.146.23.150
760,Darsie,Itzkin,ditzkinl3@nps.gov,Polygender,84.205.87.199
761,Estel,Crummy,ecrummyl4@edublogs.org,Female,42.53.175.71
762,Niki,Boss,nbossl5@va.gov,Female,244.82.64.112
763,Chris,MacMenamy,cmacmenamyl6@elpais.com,Male,160.56.38.50
764,Lenette,Spennock,lspennockl7@technorati.com,Female,187.103.117.203
765,Jannel,Duetschens,jduetschensl8@patch.com,Female,58.86.106.183
766,Hettie,Fraschetti,hfraschettil9@forbes.com,Female,2.239.8.10
767,Margy,Alloway,mallowayla@chicagotribune.com,Female,219.129.131.186
768,Peria,Humbatch,phumbatchlb@amazon.de,Female,250.120.0.251
769,Wendell,Vaan,wvaanlc@icq.com,Male,46.23.125.72
770,Shaine,Gleeson,sgleesonld@mac.com,Female,74.118.140.193
771,Pail,Lighten,plightenle@washington.edu,Male,70.83.158.37
772,Dela,Edeson,dedesonlf@cpanel.net,Female,48.109.93.242
773,Kessiah,Luigi,kluigilg@linkedin.com,Female,127.80.42.221
774,Dela,McGhee,dmcgheelh@flickr.com,Female,174.85.254.76
775,Tymothy,Imlen,timlenli@clickbank.net,Male,219.204.197.101
776,Gilemette,Braven,gbravenlj@techcrunch.com,Female,12.211.136.230
777,Dominica,Rotlauf,drotlauflk@mashable.com,Female,130.145.229.91
778,Michael,Blasli,mblaslill@twitter.com,Male,79.51.51.168
779,Mar,Blant,mblantlm@who.int,Male,85.247.253.96
780,Way,Hayfield,whayfieldln@google.co.jp,Male,180.149.130.204
781,Morna,Dahmke,mdahmkelo@jigsy.com,Female,92.210.38.186
782,Nissy,Struys,nstruyslp@weebly.com,Female,174.56.150.94
783,Livvy,Walesa,lwalesalq@dedecms.com,Female,49.111.131.237
784,Tova,Cruickshank,tcruickshanklr@nbcnews.com,Female,74.179.199.183
785,Farah,Hallgath,fhallgathls@blogtalkradio.com,Female,156.153.170.158
786,Aubrey,Scraggs,ascraggslt@google.cn,Female,149.228.25.143
787,Dennie,Adderson,daddersonlu@wp.com,Female,147.136.117.248
788,Nevile,Leyre,nleyrelv@europa.eu,Male,188.162.188.213
789,Daria,Mundow,dmundowlw@hao123.com,Female,9.136.50.166
790,Bartie,Grayson,bgraysonlx@umich.edu,Male,158.110.36.237
791,Sephira,Letteresse,sletteressely@soundcloud.com,Female,180.216.208.90
792,Sinclair,de Vaen,sdevaenlz@mlb.com,Male,235.49.245.193
793,Shellysheldon,Notley,snotleym0@plala.or.jp,Agender,179.189.122.251
794,Creight,Cammidge,ccammidgem1@nature.com,Male,182.6.55.251
795,Rodd,Lively,rlivelym2@163.com,Male,142.50.12.41
796,Sander,Rosoman,srosomanm3@mail.ru,Male,234.174.195.59
797,Enrica,Berndtsson,eberndtssonm4@discovery.com,Female,56.7.13.202
798,Tamera,Wakeling,twakelingm5@deliciousdays.com,Female,64.123.71.246
799,Norri,Eustis,neustism6@exblog.jp,Female,69.51.88.164
800,Benito,Minthorpe,bminthorpem7@bloglines.com,Male,175.81.74.204
801,Joby,Sivill,jsivillm8@goo.gl,Female,114.48.233.135
802,Andi,Peeke-Vout,apeekevoutm9@cbc.ca,Female,134.242.106.216
803,Liana,Manis,lmanisma@typepad.com,Female,216.241.184.196
804,Gordy,Oki,gokimb@ning.com,Male,149.156.234.29
805,Kyrstin,Rackstraw,krackstrawmc@webeden.co.uk,Polygender,68.57.11.74
806,Verile,Recher,vrechermd@fc2.com,Female,94.25.122.101
807,Farah,Bromige,fbromigeme@artisteer.com,Non-binary,220.204.85.210
808,Hi,Kneesha,hkneeshamf@wiley.com,Male,164.199.197.96
809,Ewan,Stivey,estiveymg@blogs.com,Male,78.62.217.58
810,Lonny,Ondrusek,londrusekmh@purevolume.com,Male,33.248.240.141
811,Bartholomeo,Riveles,brivelesmi@howstuffworks.com,Male,67.94.191.110
812,Briney,Olesen,bolesenmj@pbs.org,Female,50.1.99.74
813,Brinn,MacGorley,bmacgorleymk@nifty.com,Female,166.162.189.68
814,Glynda,Scholtz,gscholtzml@joomla.org,Female,80.2.15.97
815,Henri,Crutchley,hcrutchleymm@aboutads.info,Male,185.22.65.1
816,Lin,Cowgill,lcowgillmn@list-manage.com,Male,157.23.76.225
817,Corrianne,Dyke,cdykemo@wordpress.org,Female,43.82.92.237
818,Doyle,Chown,dchownmp@miitbeian.gov.cn,Male,233.177.99.117
819,Earl,Rives,erivesmq@sohu.com,Male,203.151.150.226
820,Xaviera,MacLeod,xmacleodmr@merriam-webster.com,Non-binary,84.26.190.55
821,Dennet,Tabbernor,dtabbernorms@europa.eu,Male,250.61.121.19
822,Boigie,Durn,bdurnmt@opera.com,Male,229.196.240.59
823,Mildred,Batson,mbatsonmu@rakuten.co.jp,Female,191.164.161.141
824,Korella,Charer,kcharermv@usa.gov,Female,165.112.172.71
825,Cristy,January,cjanuarymw@discuz.net,Female,151.132.150.144
826,Riobard,Pickles,rpicklesmx@wikipedia.org,Male,81.221.193.116
827,Elliot,Cardillo,ecardillomy@zimbio.com,Male,119.143.120.195
828,Tova,DeSousa,tdesousamz@accuweather.com,Female,169.185.50.177
829,Monte,Ygo,mygon0@mediafire.com,Male,245.193.6.64
830,Woodie,Stiegar,wstiegarn1@constantcontact.com,Male,207.236.233.144
831,Maribeth,Bygreaves,mbygreavesn2@lulu.com,Female,53.231.208.34
832,Albrecht,Downham,adownhamn3@pagesperso-orange.fr,Male,160.157.254.171
833,Karolina,Norrey,knorreyn4@smh.com.au,Female,102.80.249.222
834,Frederich,Tregunna,ftregunnan5@cmu.edu,Male,136.200.173.117
835,Rina,Ledeker,rledekern6@samsung.com,Female,143.253.43.96
836,Brittni,Duhig,bduhign7@biblegateway.com,Female,243.105.72.114
837,Alphard,Cassel,acasseln8@xinhuanet.com,Male,66.4.210.123
838,Sisely,Jaukovic,sjaukovicn9@domainmarket.com,Female,166.132.176.74
839,Faustina,Gannon,fgannonna@cdc.gov,Female,220.238.213.247
840,Alida,Tixier,atixiernb@paginegialle.it,Female,137.93.96.40
841,Valentine,Aldwick,valdwicknc@desdev.cn,Male,250.15.125.119
842,Antonio,Sherburn,asherburnnd@flavors.me,Male,50.227.128.115
843,Yank,McCreagh,ymccreaghne@stumbleupon.com,Male,111.161.239.162
844,Victor,Splaven,vsplavennf@quantcast.com,Male,212.254.246.30
845,Padriac,Thresh,pthreshng@cmu.edu,Male,173.134.111.167
846,Valeria,Santon,vsantonnh@oakley.com,Female,54.246.11.136
847,Cacilia,Lenden,clendenni@tamu.edu,Female,125.206.42.195
848,Vaughan,Blacker,vblackernj@pbs.org,Male,62.32.44.207
849,Esma,Omar,eomarnk@yahoo.co.jp,Female,179.230.143.214
850,Shoshanna,O'Hartnedy,sohartnedynl@ca.gov,Female,180.221.117.206
851,Imelda,Kirstein,ikirsteinnm@wix.com,Female,7.210.76.226
852,Doe,Leuty,dleutynn@plala.or.jp,Female,194.55.131.59
853,Gratia,Harrigan,gharriganno@dedecms.com,Female,21.247.152.78
854,Arluene,Hebditch,ahebditchnp@zimbio.com,Female,85.239.147.1
855,Shirline,Culy,sculynq@barnesandnoble.com,Female,102.105.255.41
856,Ignace,Rampton,iramptonnr@cisco.com,Male,142.127.82.103
857,Rolando,Gaish,rgaishns@macromedia.com,Male,238.209.128.40
858,Gerta,Rundle,grundlent@si.edu,Female,28.100.17.24
859,Reube,Hollyer,rhollyernu@google.com,Male,75.55.145.236
860,Celia,Dray,cdraynv@si.edu,Female,227.202.81.201
861,Pavel,Skewes,pskewesnw@youtube.com,Male,99.76.133.116
862,Illa,MacNeilley,imacneilleynx@google.cn,Female,86.229.101.174
863,Kennett,Honacker,khonackerny@scientificamerican.com,Male,239.178.70.117
864,Efren,Klassmann,eklassmannnz@cbsnews.com,Male,45.192.171.182
865,Payton,Fusco,pfuscoo0@si.edu,Male,228.196.245.54
866,Corri,Skowcraft,cskowcrafto1@census.gov,Female,151.119.2.188
867,Marlon,Cuchey,mcucheyo2@java.com,Male,73.141.115.90
868,Linet,Lazarus,llazaruso3@ucsd.edu,Female,5.191.195.35
869,Norrie,Stoffel,nstoffelo4@is.gd,Female,179.74.26.189
870,Corene,Trillo,ctrilloo5@sun.com,Female,66.207.220.254
871,Maxi,Pennazzi,mpennazzio6@printfriendly.com,Female,110.142.177.25
872,Hughie,Raynard,hraynardo7@goodreads.com,Male,31.30.3.21
873,Herman,Fulkes,hfulkeso8@archive.org,Male,113.30.240.104
874,Mariquilla,Hovert,mhoverto9@comcast.net,Female,80.122.68.18
875,Aguistin,Baxandall,abaxandalloa@bbb.org,Male,255.112.66.177
876,Huntley,Coultar,hcoultarob@bigcartel.com,Male,212.171.14.167
877,Hanni,Spitaro,hspitarooc@seattletimes.com,Female,107.115.47.11
878,Obadias,Wetherby,owetherbyod@jiathis.com,Male,182.208.2.171
879,Jessamine,O'Mailey,jomaileyoe@mayoclinic.com,Female,227.6.238.251
880,Marja,Altamirano,maltamiranoof@netlog.com,Female,125.133.128.174
881,Klarrisa,Mattevi,kmatteviog@amazon.co.jp,Female,173.123.200.0
882,Sigismundo,Olivia,soliviaoh@weather.com,Male,177.144.154.43
883,Norah,Buckie,nbuckieoi@sogou.com,Female,27.199.33.5
884,Norma,Littledyke,nlittledykeoj@google.es,Female,192.115.163.226
885,Gretel,Gedling,ggedlingok@icio.us,Female,98.15.136.18
886,Hermy,Stoodley,hstoodleyol@census.gov,Male,173.181.102.126
887,Leupold,Byk,lbykom@bbc.co.uk,Male,234.176.66.37
888,Fulton,Bracer,fbraceron@wikispaces.com,Male,60.107.60.9
889,Eduino,Bartle,ebartleoo@hp.com,Male,13.2.160.76
890,Cully,Howchin,chowchinop@timesonline.co.uk,Male,186.206.137.182
891,Evyn,Summerlad,esummerladoq@netscape.com,Male,108.163.104.50
892,Jemmy,Platfoot,jplatfootor@yolasite.com,Female,56.2.100.193
893,Merle,Govan,mgovanos@yandex.ru,Female,130.253.177.27
894,Anna-diana,Nodin,anodinot@fc2.com,Female,29.103.9.98
895,Liane,Ortiger,lortigerou@com.com,Female,10.161.47.74
896,Shannan,Whitnell,swhitnellov@networksolutions.com,Genderqueer,233.222.43.245
897,Alick,Lightbody,alightbodyow@cloudflare.com,Male,175.45.16.220
898,Dela,Runciman,druncimanox@arstechnica.com,Female,252.232.45.135
899,Robby,Bowlesworth,rbowlesworthoy@spotify.com,Female,81.178.27.254
900,Allyn,Mainwaring,amainwaringoz@posterous.com,Female,232.27.61.190
901,Shanta,Danielkiewicz,sdanielkiewiczp0@ibm.com,Female,113.43.60.14
902,Zebulon,Parrot,zparrotp1@hibu.com,Male,248.35.178.56
903,Letta,Mancktelow,lmancktelowp2@sohu.com,Female,246.41.21.142
904,Bengt,Urion,burionp3@youku.com,Male,217.37.167.177
905,Luciano,Purdy,lpurdyp4@cafepress.com,Male,205.216.255.46
906,Barnard,Durrance,bdurrancep5@oakley.com,Male,228.207.6.54
907,Payton,Vakhonin,pvakhoninp6@delicious.com,Male,25.34.60.14
908,Eugenius,Larraway,elarrawayp7@intel.com,Male,41.81.107.62
909,Tasha,Rosell,trosellp8@scribd.com,Female,12.141.63.11
910,Avram,Granger,agrangerp9@intel.com,Male,133.121.189.166
911,Casey,Milkeham,cmilkehampa@archive.org,Male,235.17.241.119
912,Dehlia,Winsborrow,dwinsborrowpb@disqus.com,Female,5.109.137.64
913,Maryjo,Bellsham,mbellshampc@360.cn,Female,238.222.232.38
914,Emlyn,Andresser,eandresserpd@apple.com,Male,146.77.76.67
915,Dottie,Jura,djurape@vimeo.com,Female,251.74.14.36
916,Fay,Henrie,fhenriepf@blinklist.com,Non-binary,17.45.156.9
917,Ophelia,Steptowe,osteptowepg@statcounter.com,Female,240.126.220.199
918,Gilbert,Saladin,gsaladinph@flavors.me,Male,64.192.151.136
919,Craig,Sweedland,csweedlandpi@timesonline.co.uk,Male,86.13.29.250
920,Baxter,Fairley,bfairleypj@livejournal.com,Male,41.74.143.191
921,Seymour,Muckle,smucklepk@reddit.com,Genderqueer,128.247.36.127
922,Marsiella,Parriss,mparrisspl@pcworld.com,Genderfluid,176.234.237.215
923,Charles,MacAlpine,cmacalpinepm@narod.ru,Male,191.96.15.49
924,Madeleine,Guilfoyle,mguilfoylepn@simplemachines.org,Female,42.114.192.188
925,Waldon,Bragginton,wbraggintonpo@gizmodo.com,Male,244.21.107.23
926,Art,Shipton,ashiptonpp@homestead.com,Male,7.251.26.250
927,Marshall,Ferreli,mferrelipq@goodreads.com,Male,156.246.214.207
928,Clareta,O'Driscole,codriscolepr@sphinn.com,Female,150.23.4.190
929,Clotilda,Shoebridge,cshoebridgeps@twitpic.com,Female,228.32.227.75
930,Lynette,Wellstead,lwellsteadpt@cisco.com,Female,106.142.73.158
931,Kellby,Dansie,kdansiepu@nps.gov,Male,246.132.148.185
932,Evey,Base,ebasepv@bravesites.com,Genderfluid,167.164.112.81
933,Nanette,Volks,nvolkspw@facebook.com,Female,25.33.1.107
934,Carol,McCoid,cmccoidpx@pagesperso-orange.fr,Female,84.89.3.250
935,Wilbur,De Ambrosis,wdeambrosispy@sogou.com,Male,102.203.181.206
936,Jorey,Upshall,jupshallpz@engadget.com,Female,143.48.50.169
937,Jake,Nelthropp,jnelthroppq0@redcross.org,Male,252.240.136.156
938,Gregory,Bristoe,gbristoeq1@chronoengine.com,Male,12.45.123.214
939,Cesare,Moors,cmoorsq2@cnn.com,Male,40.96.176.48
940,Beale,Pridgeon,bpridgeonq3@i2i.jp,Male,204.76.18.127
941,Sallyann,Kenwyn,skenwynq4@dedecms.com,Female,179.191.176.131
942,Neal,Sampey,nsampeyq5@nps.gov,Male,157.123.57.114
943,Johnny,Smeath,jsmeathq6@ebay.com,Male,102.154.217.7
944,Krishna,Matignon,kmatignonq7@printfriendly.com,Agender,134.234.213.170
945,Mabelle,Katz,mkatzq8@google.fr,Female,2.206.199.168
946,Yancy,Peck,ypeckq9@gov.uk,Male,40.131.190.160
947,Ondrea,Frampton,oframptonqa@twitpic.com,Female,115.103.78.19
948,Mata,Caesman,mcaesmanqb@biglobe.ne.jp,Male,146.91.7.114
949,Coop,Karpets,ckarpetsqc@simplemachines.org,Male,109.200.120.6
950,Red,Hinz,rhinzqd@about.me,Male,223.137.121.34
951,Yale,Westlake,ywestlakeqe@multiply.com,Male,66.191.98.198
952,Albertina,Hens,ahensqf@cbslocal.com,Female,56.44.40.86
953,Caldwell,Du Plantier,cduplantierqg@hatena.ne.jp,Male,31.253.150.215
954,Bald,Cariss,bcarissqh@cmu.edu,Male,167.142.229.150
955,Seward,Dybald,sdybaldqi@sciencedaily.com,Male,128.31.103.81
956,Therese,Dell 'Orto,tdellortoqj@cyberchimps.com,Female,62.64.39.106
957,Lev,Murfin,lmurfinqk@dot.gov,Male,226.159.124.116
958,Elfie,MacConnal,emacconnalql@prweb.com,Female,100.176.10.155
959,Benoit,Blenkensop,bblenkensopqm@yandex.ru,Male,126.112.108.13
960,Theodoric,Burrill,tburrillqn@devhub.com,Male,121.3.127.199
961,Serene,Bonsall,sbonsallqo@dyndns.org,Female,193.36.179.139
962,Orelee,Bangham,obanghamqp@sbwire.com,Female,248.38.75.186
963,Casi,Wissby,cwissbyqq@i2i.jp,Female,181.247.42.124
964,Cammy,Billion,cbillionqr@amazon.de,Polygender,43.166.204.197
965,Ines,Cordeiro,icordeiroqs@pagesperso-orange.fr,Female,203.155.42.48
966,Ediva,Adamovicz,eadamoviczqt@mail.ru,Female,72.240.187.151
967,Paolina,Spiers,pspiersqu@surveymonkey.com,Genderfluid,122.73.2.74
968,Brandy,Chant,bchantqv@guardian.co.uk,Female,234.143.149.112
969,Avram,Bims,abimsqw@scientificamerican.com,Male,154.101.167.203
970,Samantha,Oakeshott,soakeshottqx@webs.com,Female,159.118.134.85
971,Cammi,Phillcox,cphillcoxqy@msn.com,Female,43.179.78.247
972,Tricia,Riccioppo,triccioppoqz@shop-pro.jp,Female,211.63.232.9
973,Dino,Sammut,dsammutr0@princeton.edu,Male,99.52.130.96
974,Chrystal,Ibbotson,cibbotsonr1@yale.edu,Female,227.151.57.165
975,Webster,Larkin,wlarkinr2@comcast.net,Male,119.173.74.141
976,Pamella,Bragg,pbraggr3@wunderground.com,Female,52.46.23.34
977,Thedric,Currell,tcurrellr4@census.gov,Male,168.66.88.82
978,Elonore,Rizzardi,erizzardir5@nasa.gov,Female,139.9.203.139
979,Gal,Vecard,gvecardr6@apple.com,Male,167.36.239.24
980,Giacobo,Fraine,gfrainer7@nyu.edu,Male,136.198.198.135
981,Onofredo,Thackston,othackstonr8@geocities.com,Male,10.105.185.204
982,Lorrayne,Terne,lterner9@wordpress.com,Female,200.48.76.244
983,Emelia,Kighly,ekighlyra@google.com.hk,Female,89.233.35.221
984,Dirk,Marti,dmartirb@ucoz.ru,Male,53.212.120.48
985,Magda,Zealander,mzealanderrc@ask.com,Female,218.114.215.40
986,Billie,Ingreda,bingredard@google.com.br,Male,240.170.214.47
987,Marin,Bryett,mbryettre@upenn.edu,Female,222.180.43.92
988,Joelynn,Ragge,jraggerf@1und1.de,Female,86.89.239.240
989,Rozelle,Cheley,rcheleyrg@networksolutions.com,Female,186.36.226.239
990,Sanders,Schneidau,sschneidaurh@creativecommons.org,Male,212.250.167.103
991,Town,Spridgen,tspridgenri@dot.gov,Male,78.193.253.130
992,Kary,Saura,ksaurarj@hugedomains.com,Female,116.37.225.120
993,Mata,McBrearty,mmcbreartyrk@symantec.com,Male,234.117.28.244
994,Etti,Lefeuvre,elefeuvrerl@vinaora.com,Female,165.252.156.160
995,Ibrahim,Radke,iradkerm@craigslist.org,Male,165.161.164.156
996,Ab,Inglesant,ainglesantrn@soup.io,Male,87.46.81.89
997,Ariadne,Bullimore,abullimorero@usnews.com,Female,182.148.124.207
998,Joete,Cribbins,jcribbinsrp@people.com.cn,Female,25.222.79.142
999,April,Ascraft,aascraftrq@baidu.com,Female,188.117.92.157
1000,Wallache,De Vries,wdevriesrr@epa.gov,Male,103.197.24.96
